order_id,order_date,customer_id,gross_paise,currency,intended_method,status,invoice_no
order_0VF1Oq8j9Kk7am,2026-08-03,cust_PQ4yMr8slCVt,57900,INR,wallet,paid,INV-2026-000007
order_0eOrUQU7WcCd6L,2026-08-12,cust_v8eTzdSnTpxM,188000,INR,upi,paid,INV-2026-000077
order_1cGgscrssbmWib,2026-08-02,cust_SxQcLD2qNZqd,1121500,INR,upi,paid,INV-2026-000002
order_1i1FhgIpw5PSHL,2026-08-12,cust_ySup8vbCFULU,197300,INR,upi,paid,INV-2026-000071
order_1qy9Csk9AjiJ3G,2026-08-18,cust_eIdDzuXcsqPn,128500,INR,wallet,payment_failed,INV-2026-000110
order_1s0lnk2flkzYtC,2026-08-23,cust_FkuhL5Sci3PY,1157900,INR,upi,paid,INV-2026-000139
order_1s2AbMMgxbPjou,2026-08-18,cust_AptkMJaQbvi4,34700,INR,wallet,payment_failed,INV-2026-000104
order_222qbxFYAiycE5,2026-08-06,cust_iziirdQLDvpK,327000,INR,card,paid,INV-2026-000030
order_2RwWcRiuhhQ8jY,2026-08-19,cust_SRkG2F1aDEie,20800,INR,upi,paid,INV-2026-000114
order_2YAy2Vya4XhSlj,2026-08-15,cust_mCvwL03NbahC,572600,INR,upi,paid,INV-2026-000084
order_2awbKOVEVkM2fZ,2026-08-12,cust_dZ26dxVNml42,77552,INR,card,paid,INV-2026-000073
order_2eci9mtUoAn64Y,2026-08-25,cust_Mf9TKU5GJiPz,30100,INR,upi,payment_failed,INV-2026-000160
order_3IFoIxkbcZaQrk,2026-08-22,cust_WQccevjNW4JI,166756,INR,card,paid,INV-2026-000133
order_3JoTfCxJZnTS2Z,2026-08-03,cust_eAgT9StaULHU,341600,INR,upi,paid,INV-2026-000006
order_3aJ5nZSETLh7vJ,2026-08-12,cust_VcHd8CJJ17bm,14328,INR,wallet,paid,INV-2026-000074
order_3em8uD8ZbvwYuP,2026-08-03,cust_z70r4OBIRSJG,198500,INR,upi,paid,INV-2026-000009
order_440cU9EMQeriCu,2026-08-14,cust_6GPpes9ifw92,151600,INR,upi,paid,INV-2026-000081
order_45EDEx1LYg4qKH,2026-08-30,cust_fv6SCuwUgMtV,26100,INR,wallet,paid,INV-2026-000192
order_4NC2V4Eh1yTi9j,2026-08-18,cust_JTdFOJRHjQdB,121700,INR,wallet,paid,INV-2026-000102
order_4Qtgxqlf6nqqUX,2026-08-28,cust_tqMcEpWUqr3M,1699700,INR,netbanking,paid,INV-2026-000175
order_4SjeRq9kAzY1nT,2026-08-29,cust_dgpe8QAmSFFQ,244500,INR,upi,paid,INV-2026-000183
order_4WargsIeYTZZyr,2026-08-07,cust_YkgMGNmaWfJx,62200,INR,upi,paid,INV-2026-000036
order_4WiFYHdcf0E1s5,2026-08-29,cust_VEtIoydHZJyt,198952,INR,wallet,paid,INV-2026-000186
order_5TZB5D9HLioBY5,2026-08-29,cust_P9hrAdt9nu1X,32100,INR,upi,paid,INV-2026-000181
order_5k4Fr2KetTdp9F,2026-08-06,cust_X1w8gvQd5WAi,19700,INR,upi,payment_failed,INV-2026-000031
order_626rD3AWzShYn3,2026-08-19,cust_lsjbxNmVtYUn,4912200,INR,netbanking,paid,INV-2026-000119
order_646ECWTC8qRTxY,2026-08-07,cust_KFQLN4LC3zXX,26900,INR,upi,paid,INV-2026-000042
order_6OBZZH67alDVCO,2026-08-25,cust_QpP7EDojiBLP,1474100,INR,upi,paid,INV-2026-000162
order_6ejch2OHtCcnVY,2026-08-28,cust_FvvJNl90BO97,3530400,USD,card,paid,INV-2026-000177
order_6rKsBLDudk5SMN,2026-08-29,cust_3S6BDmvOL1nr,2634300,INR,netbanking,paid,INV-2026-000180
order_70e8XRB7Hjtxvt,2026-08-10,cust_eca5XgzcCIXn,449000,INR,rupay_debit,paid,INV-2026-000062
order_7BlQ39MtZe3p9b,2026-08-17,cust_22JNZy7LiVEh,38000,INR,wallet,paid,INV-2026-000094
order_7Ol5Pmv7pT5Kmf,2026-08-24,cust_OErOcSYzUSbb,19500,INR,upi,pending,INV-2026-000147
order_7R6tZalZJN4QFP,2026-08-25,cust_7sG1w3ZAWsTa,58600,INR,upi,paid,INV-2026-000159
order_8Dg7eUQNuMSKiC,2026-08-25,cust_dBzTCXNikq4B,37000,INR,upi,paid,INV-2026-000155
order_8bWuPkuYW0CW3E,2026-08-25,cust_iDSOmzh6aeCR,74200,INR,upi,paid,INV-2026-000158
order_91MJzp3slAqhRC,2026-08-29,cust_UJnhGbtkzj0y,1388600,INR,upi,paid,INV-2026-000189
order_9SQh4m7fP6xDgM,2026-08-26,cust_kZmeo1RuR5w8,258000,INR,netbanking,paid,INV-2026-000165
order_9tlLGMAw0tcnKQ,2026-08-21,cust_bXe4KU8mJBax,18900,INR,upi,paid,INV-2026-000130
order_9upe83hks9856K,2026-08-05,cust_Tf1baMzY4bEX,194700,INR,card,paid,INV-2026-000018
order_An6LrPtIKcIFhE,2026-08-29,cust_mCeFlgtapxMl,11500,INR,upi,paid,INV-2026-000185
order_BRSFWqqSu398GE,2026-08-17,cust_VrP7rOKhZLgN,23800,INR,upi,paid,INV-2026-000093
order_BzVFboPeM6fCip,2026-08-03,cust_CR2GOdr9C9DZ,159600,INR,upi,paid,INV-2026-000008
order_C0OHmwA2h3xULT,2026-08-11,cust_P8ZigS5sTZYn,12500,INR,upi,paid,INV-2026-000064
order_C76zygv9hkCoRg,2026-08-06,cust_Dgpp5Hkfdalk,760800,INR,card,paid,INV-2026-000028
order_CKooAsJ2w2LgDL,2026-08-18,cust_JEfONrARDeTT,1120300,INR,rupay_debit,paid,INV-2026-000101
order_CSYQxuzia9FVZn,2026-08-21,cust_pICZQnFOq5EN,3311600,INR,card,paid,INV-2026-000128
order_CXQ0z1ttsaiO7Q,2026-08-17,cust_IkoeRLGrq8li,73900,INR,upi,payment_failed,INV-2026-000099
order_CYB9pOx99U1HS5,2026-08-12,cust_IDLbm3pXeSIt,92400,INR,rupay_debit,paid,INV-2026-000076
order_CsqSHRPR0UmdS9,2026-08-12,cust_jNcWj1wUHWpb,136400,INR,rupay_debit,paid,INV-2026-000078
order_DcI3r9WhJviZLW,2026-08-08,cust_rdFwo6XiDOln,160800,INR,rupay_debit,paid,INV-2026-000045
order_EI4xFIZDp53jwb,2026-08-27,cust_SCjeTktu6nBY,20300,INR,wallet,payment_failed,INV-2026-000170
order_FREykGF1LpVlie,2026-08-02,cust_N0JZ6kWX304Z,618900,INR,card,paid,INV-2026-000004
order_FUIC2YcnQbghxF,2026-08-17,cust_3Neu3aa0XQpf,78700,INR,card,paid,INV-2026-000091
order_G22v1Z5c4so5pZ,2026-08-28,cust_OD6RTpEIKfCQ,48600,INR,upi,paid,INV-2026-000179
order_G5fnRt5Tg8P07A,2026-08-09,cust_fNPa43sjZCJF,1493000,INR,card,paid,INV-2026-000055
order_GbwVWNhqrIyfDA,2026-08-25,cust_E7g7DOP4aQAo,1254800,INR,netbanking,paid,INV-2026-000157
order_H1fOp5LjV0nl1Y,2026-08-18,cust_FHHbtWClfUGp,1916300,INR,netbanking,paid,INV-2026-000107
order_HLjHgMt3yLYx4N,2026-08-28,cust_tZJLyZfWMwEb,992200,INR,card,paid,INV-2026-000171
order_HXLAxnc6P8z0Bh,2026-08-24,cust_7iWiE23xCobr,96900,INR,wallet,paid,INV-2026-000146
order_JrLG6znwQ9v5lh,2026-08-20,cust_fZPKVJ1f5GIf,18300,INR,upi,paid,INV-2026-000126
order_L97P3wUOec6ih2,2026-08-06,cust_n8MzbjirEqC1,225500,INR,upi,paid,INV-2026-000035
order_LKx1NOQjp5vYI8,2026-08-31,cust_DqjqeSINFnGW,146200,INR,upi,paid,INV-2026-000199
order_LSehLoImZrd5Xp,2026-08-05,cust_B2xX03EqtU9o,7658600,INR,netbanking,paid,INV-2026-000019
order_LgxREiyk5EMmrq,2026-08-08,cust_MPZF3iYAY2n2,44600,INR,upi,pending,INV-2026-000051
order_LhB8Co2T1LOuWe,2026-08-23,cust_2dqoW6CKHv9j,1786400,INR,card,paid,INV-2026-000145
order_LsLJSD32hRlI1H,2026-08-05,cust_c1XQXe9ghvBe,522900,INR,card,paid,INV-2026-000020
order_M7zgFf28JetJgj,2026-08-20,cust_1JDlVeneyuOi,56300,INR,upi,paid,INV-2026-000122
order_MQUWibIAlG9aau,2026-08-09,cust_vxdX9GeaHUcL,75500,INR,upi,paid,INV-2026-000058
order_MRVIC7g3qW9TGP,2026-08-17,cust_ThZOTuSoRl1O,691300,INR,upi,payment_failed,INV-2026-000096
order_MYJmaF38JDnmZa,2026-08-05,cust_NTCcimeR47Pv,64600,INR,upi,paid,INV-2026-000021
order_McmO9BMxcdpM2h,2026-08-20,cust_zhrgd8e2cdog,18900,INR,wallet,paid,INV-2026-000123
order_N2gOpWnSPwjw85,2026-08-17,cust_Dw4N6vyYyup6,5141793,INR,card,paid,INV-2026-000089
order_NGgFJ9hvw664d4,2026-08-30,cust_vB3BEKE9K7Yo,7581900,INR,netbanking,paid,INV-2026-000194
order_NdywDCX8uHXc1i,2026-08-08,cust_AWLPlJtutNV4,27600,INR,upi,paid,INV-2026-000049
order_NvqkxrTFBByOzi,2026-08-07,cust_6awJC76kqAIw,164600,INR,card,paid,INV-2026-000038
order_OB0lSLMWFUs04K,2026-08-19,cust_FdTUyzW8Ej8i,453000,INR,netbanking,paid,INV-2026-000116
order_ObbCBERFfhdzRc,2026-08-06,cust_kO31I130YQe0,20500,INR,upi,paid,INV-2026-000032
order_OgLNTsFT07ObgZ,2026-08-29,cust_TtzCufvfXLLr,143500,INR,upi,paid,INV-2026-000188
order_OzMuXkfc6MJ5No,2026-08-26,cust_Zh7unAUz6lR1,117800,INR,card,paid,INV-2026-000166
order_PO8KmEdbAtcJD1,2026-08-09,cust_aBzCpwaPMnsT,22100,INR,upi,paid,INV-2026-000056
order_PfkJNpnlOniB0s,2026-08-17,cust_a3jshQDwjHmL,45800,INR,wallet,paid,INV-2026-000100
order_PkFkat7naqZCiz,2026-08-10,cust_780MJMlwVanG,275600,INR,upi,paid,INV-2026-000063
order_PkyYoufRwvQkTe,2026-08-06,cust_OnEIo6IN8Kxr,1668100,INR,netbanking,paid,INV-2026-000023
order_PzS2RXnEc9gz9m,2026-08-29,cust_RfpwoMUT4VIs,51026,INR,upi,paid,INV-2026-000187
order_QnFSPz2J0ipog6,2026-08-08,cust_fHMBxa0cplnd,161800,INR,upi,paid,INV-2026-000048
order_QwSqMWLBJXWPgg,2026-08-28,cust_EsJE9qgFqMY9,290400,INR,upi,paid,INV-2026-000174
order_RFqemb5eprjjlv,2026-08-04,cust_mvSvtys1Zi2d,56700,INR,upi,paid,INV-2026-000010
order_RU3GEknaeNElFa,2026-08-14,cust_YsNtOKWeqsVH,997800,INR,upi,paid,INV-2026-000083
order_Scohm4SptGFX1n,2026-08-10,cust_0ak0PxVuKK8j,557000,INR,card,paid,INV-2026-000059
order_TdPnEWSIDY1JYK,2026-08-23,cust_w52rWyBPeEe9,39000,INR,wallet,paid,INV-2026-000142
order_Tk7W5nd07xRhoF,2026-08-13,cust_NdbCBLqRJnul,232200,INR,upi,paid,INV-2026-000079
order_U1oint0NvQM9MA,2026-08-24,cust_hwXZ5j2rsJeH,67500,INR,upi,paid,INV-2026-000151
order_Uhexr3cwJSPsFz,2026-08-19,cust_iQsYzA2PAyhZ,9478000,INR,netbanking,paid,INV-2026-000115
order_VHwpipzbYdUiNM,2026-08-11,cust_h11SfiAPZqxj,214100,INR,upi,paid,INV-2026-000066
order_VTtyS0EYEdWs21,2026-08-24,cust_i9bklFQeoHnl,475532,INR,rupay_debit,paid,INV-2026-000153
order_VbEJ8imejLAN44,2026-08-18,cust_ExnaiHvSyvlN,86509,INR,upi,paid,INV-2026-000106
order_VlZIse5Ad6oTGu,2026-08-05,cust_j761D3TZubQo,217828,INR,upi,paid,INV-2026-000014
order_VyOqad40n6SYLT,2026-08-16,cust_l4nI91fNkwOL,295300,INR,upi,paid,INV-2026-000087
order_W3FhDFJe7sC6bT,2026-08-08,cust_lhWlL5ErgrsH,28500,INR,upi,paid,INV-2026-000047
order_Waj2ZwYyxMpGFX,2026-08-26,cust_ArZWRY0RtKGq,71500,INR,upi,paid,INV-2026-000169
order_XDjSaXwEc7Kfwz,2026-08-26,cust_QsvgVqJ8s1Xu,2754700,INR,card,paid,INV-2026-000167
order_Y2fCSsU1AB614K,2026-08-29,cust_rFcAoEmuPo3Z,490600,INR,card,payment_failed,INV-2026-000182
order_YI9iqkY2EMtxTe,2026-08-30,cust_GMNHC57CxIj4,193700,INR,upi,paid,INV-2026-000193
order_Z3h8owAMhYBK2y,2026-08-21,cust_aKW8evVwvJRI,426800,INR,upi,paid,INV-2026-000127
order_ZJxqN9Zy8nHMsU,2026-08-19,cust_U7wSG8XusGsZ,31743,INR,upi,paid,INV-2026-000113
order_ZQ3VrVBFQcpbWY,2026-08-24,cust_7sMjR9X0QGiL,13050,INR,upi,paid,INV-2026-000148
order_ZSqTCGizviCNui,2026-08-17,cust_AjtXI7LwpSzL,186800,INR,wallet,paid,INV-2026-000097
order_ZV6gJ2CNWddaV7,2026-08-23,cust_cvbsXckeATiI,3127200,INR,netbanking,paid,INV-2026-000140
order_Zd5IG5RunU55IQ,2026-08-03,cust_RsJqBa5akwMm,141500,INR,upi,paid,INV-2026-000005
order_aSwrKVNbVnxxGj,2026-08-05,cust_hgbkq4gHVAcj,203700,INR,rupay_debit,paid,INV-2026-000016
order_aWOnGSIZh3gHRz,2026-08-24,cust_KuMbdRxuWimd,37100,INR,upi,paid,INV-2026-000149
order_aoGSE4IqNs7eSp,2026-08-17,cust_5k4SFc1PQVg4,219100,INR,upi,paid,INV-2026-000095
order_b4mmiQl6Qkb5hI,2026-08-24,cust_7NitmmuTHuHd,34800,INR,upi,paid,INV-2026-000150
order_bHIp14UTELz23t,2026-08-22,cust_Uj73kKqyFKoJ,6453880,INR,card,paid,INV-2026-000137
order_bV7RzjKzYgWpKE,2026-08-31,cust_BJS21Ut2qoIT,445096,INR,wallet,paid,INV-2026-000195
order_c0dDAaTfSBXWyN,2026-08-28,cust_FXaYjzaCNy5R,652600,INR,card,payment_failed,INV-2026-000178
order_c5nlYchGxukvQ7,2026-08-08,cust_ysmFcKjRZaiN,104600,INR,rupay_debit,paid,INV-2026-000043
order_cS11sXdnltMzd3,2026-08-22,cust_XQ3pnGlgdg83,6196600,INR,card,paid,INV-2026-000134
order_cT9azaSBRr0Tyz,2026-08-05,cust_Vkg47YFgrIgd,10700,INR,wallet,paid,INV-2026-000015
order_eZNfjSGwFyRG4B,2026-08-29,cust_IWV60MmnD1yv,267300,INR,rupay_debit,paid,INV-2026-000190
order_ehllMRmgtm6Dng,2026-08-23,cust_aBQOkJbWMSxB,244400,INR,upi,paid,INV-2026-000144
order_ei3lWmOwizdp5Q,2026-08-11,cust_YjfKjm64nDVk,898500,INR,upi,payment_failed,INV-2026-000065
order_fCAo0bjuHBibOb,2026-08-12,cust_8bCxViMpMrsw,159660,INR,upi,paid,INV-2026-000072
order_fMNCPZjTDXY94v,2026-08-06,cust_RrV4P4ZiMAgr,208200,INR,upi,paid,INV-2026-000025
order_gmsfub6apa2Csm,2026-08-19,cust_YrsZmJEd9MPU,14200,INR,upi,paid,INV-2026-000120
order_gwIIlRw6BzWam3,2026-08-20,cust_67apGJFhjMMV,45000,INR,upi,paid,INV-2026-000121
order_hBsWH2UWlQmFvB,2026-08-11,cust_os8dUBjkjSw4,3384400,USD,card,paid,INV-2026-000067
order_hM6qkS6mBBGwaY,2026-08-25,cust_sLQ5YeTJNeB3,217800,INR,upi,paid,INV-2026-000163
order_heq22sDB9RhO3y,2026-08-31,cust_QKrwZnydEO4f,2375800,INR,netbanking,paid,INV-2026-000200
order_i2IdelaRhgYObv,2026-08-08,cust_ppOUXCKetQ3q,166400,INR,upi,paid,INV-2026-000053
order_ibkTpOkCkaRQE8,2026-08-10,cust_Pv5vsddrGWlR,157500,INR,upi,paid,INV-2026-000060
order_imU90srrqGkY8W,2026-08-23,cust_FEsQJECfoFop,964419,INR,card,paid,INV-2026-000143
order_ioMBR6yhwtH0n6,2026-08-06,cust_eZw0irEz3ClO,163810,INR,upi,paid,INV-2026-000026
order_j1NkXKCDWwL2JK,2026-08-09,cust_DYZmwl2qlAqj,715200,INR,card,paid,INV-2026-000054
order_j9EzIMaw9ZXRcS,2026-08-05,cust_3boGJJLwlo7X,1559695,INR,card,paid,INV-2026-000012
order_jPTrwtvPLkXS1x,2026-08-07,cust_KqI807yyhlXT,58900,INR,upi,paid,INV-2026-000037
order_kBBJAiFmGYFZY8,2026-08-07,cust_nD0adlpz9YQZ,103400,INR,rupay_debit,paid,INV-2026-000041
order_kHmElSjS7fuO45,2026-08-25,cust_y7qgRSEKDwSl,39148,INR,rupay_debit,paid,INV-2026-000161
order_kKUchIh7nI6OfV,2026-08-18,cust_KiMJr8NvNFX2,293927,INR,upi,paid,INV-2026-000108
order_knUaAn1UYHGG51,2026-08-04,cust_29mNXYcX6sZQ,7453300,INR,netbanking,paid,INV-2026-000011
order_l4oOBOX8wrorqf,2026-08-13,cust_orHp5dC6TpC2,200300,INR,upi,paid,INV-2026-000080
order_l7kUNfYAQh9Cct,2026-08-21,cust_LnZLdSIiow91,48600,INR,upi,paid,INV-2026-000129
order_lCOJnNHc5QZfGT,2026-08-06,cust_KdVmH8UuH0Ak,309400,INR,upi,paid,INV-2026-000024
order_lIZZVAD4vOoQNu,2026-08-12,cust_5cgovydiSgcg,210200,INR,card,paid,INV-2026-000075
order_lljJEcRJ6vxPU6,2026-08-22,cust_gKXOoGc4SQS0,210200,INR,card,payment_failed,INV-2026-000132
order_lmx0cBewZg96UF,2026-08-16,cust_91PS3z6bJsbz,143200,INR,card,paid,INV-2026-000086
order_lp4KX5Yq8fjQ1V,2026-08-17,cust_7SLNYKk28YUL,211100,INR,upi,paid,INV-2026-000090
order_ly9KEIH6f2CTob,2026-08-08,cust_FcfULz90c1bk,68000,INR,upi,paid,INV-2026-000050
order_mLtnABLgfK7Sce,2026-08-18,cust_01DI7DyU4neG,73700,INR,upi,paid,INV-2026-000111
order_mNQsj2HovwVrfQ,2026-08-22,cust_StcMDjYm5WiO,176700,INR,upi,paid,INV-2026-000135
order_md2JtxyGF7ib7t,2026-08-07,cust_nzjOqCv6lBQl,26500,INR,upi,paid,INV-2026-000039
order_mphMmZZKWyUdPR,2026-08-06,cust_UHoWAH8aVh4C,205300,INR,netbanking,paid,INV-2026-000033
order_nXceyclaCCW9nf,2026-08-23,cust_G7Saw5wSydrR,455300,INR,card,paid,INV-2026-000138
order_nejPF99vlwvY3O,2026-08-16,cust_bSNthIs2S9k4,275883,INR,upi,paid,INV-2026-000088
order_nw0jToLzvdzvoC,2026-08-18,cust_Dgj6JeM54Nd8,69383,INR,upi,paid,INV-2026-000112
order_o8rbzfuh13ZuI7,2026-08-08,cust_MKRymkpOjN9T,13804400,USD,card,paid,INV-2026-000044
order_o9tgLqCHTDI5Gt,2026-08-06,cust_VmWhkkq8tPLb,239000,INR,upi,paid,INV-2026-000034
order_oBDH7jHUMYp6H8,2026-08-31,cust_SjpItz9ljppW,297200,INR,upi,paid,INV-2026-000196
order_oI4rUrLYWiYCPe,2026-08-20,cust_eD9BvM6BY4Wd,159500,INR,upi,paid,INV-2026-000125
order_oPrJKhJtV78TRJ,2026-08-10,cust_CGJdTl3ShCDV,34600,INR,rupay_debit,paid,INV-2026-000061
order_pSX77sen2IqPvC,2026-08-05,cust_3NGuvmq6vOth,80400,INR,upi,paid,INV-2026-000013
order_pUjDB4iY8FNmCn,2026-08-08,cust_7NZJX6B3iuVX,69000,INR,upi,paid,INV-2026-000046
order_pdsBX4U9vlQEo3,2026-08-08,cust_eF3c869kuUNT,61100,INR,upi,pending,INV-2026-000052
order_pylzh1AeXHNMOQ,2026-08-24,cust_Ke5lAYNDTvke,763300,INR,upi,paid,INV-2026-000152
order_q3PZwMq2es140z,2026-08-06,cust_9842PbnLxZ2a,443100,INR,rupay_debit,paid,INV-2026-000029
order_qKRjcZaxGF04pT,2026-08-29,cust_sWxr8AuzpAVg,455600,INR,card,paid,INV-2026-000184
order_qQElfcAg1zPw0z,2026-08-06,cust_QPTDVbxSHsOq,933800,INR,upi,paid,INV-2026-000022
order_qdCw1LrSlLql57,2026-08-28,cust_m4S0h6rVSfS1,231100,INR,netbanking,paid,INV-2026-000173
order_rAaWKbPztNTCuy,2026-08-28,cust_SOjP4SqQ3zLW,249400,INR,wallet,paid,INV-2026-000172
order_s5h1wAFJTXrHpw,2026-08-11,cust_bw2QHsCRr5Y2,168164,INR,card,paid,INV-2026-000069
order_s8J5Uz69qLAjON,2026-08-29,cust_v0S4ICjLG94e,12000,INR,upi,paid,INV-2026-000191
order_sHDJV9x32pm7gC,2026-08-07,cust_80fWRs1oJKUr,85100,INR,upi,paid,INV-2026-000040
order_t7sBn9fP4sNo3Y,2026-08-28,cust_QQ82odbsQRyu,378300,INR,rupay_debit,paid,INV-2026-000176
order_tDRXgfSzbvZnaC,2026-08-31,cust_4ZvyjzOrASeL,633500,INR,card,paid,INV-2026-000198
order_tTf2qLlvmcNXt2,2026-08-09,cust_rDuzlv6MidAO,2707700,INR,card,paid,INV-2026-000057
order_tVzPhZGrkCC4DK,2026-08-23,cust_uJ8Vi6LFz9Yo,222900,INR,card,paid,INV-2026-000141
order_tweYn86FpuaWp1,2026-08-26,cust_DJkYrj17X25F,1092000,INR,upi,paid,INV-2026-000168
order_u7afFO5XumZZJE,2026-08-22,cust_zAmrEohV2Ub6,1956000,INR,netbanking,paid,INV-2026-000131
order_uOxeMjBoF5iDDT,2026-08-20,cust_bSmCS5q3bzJQ,46800,INR,wallet,paid,INV-2026-000124
order_vHjaJ2TmDBWcib,2026-08-14,cust_zinkinGlR6IZ,170900,INR,upi,payment_failed,INV-2026-000082
order_vYzr3dmKCqiac9,2026-08-06,cust_YhXYXCi1k1UE,756500,INR,card,paid,INV-2026-000027
order_vsF5S7BpNWWHcN,2026-08-05,cust_EuP2TfbN47r8,9200,INR,wallet,payment_failed,INV-2026-000017
order_wK5U09LGu7441H,2026-08-22,cust_lJHuCKr6O7sQ,654300,INR,card,paid,INV-2026-000136
order_wlvnShsYlDD6C2,2026-08-02,cust_irtV5pUlEvwu,8400,INR,wallet,paid,INV-2026-000003
order_x7aTvi2rEinRAt,2026-08-16,cust_WWfovSmjgHUr,6799,INR,wallet,paid,INV-2026-000085
order_xJYjRtA8opOn3g,2026-08-02,cust_qcGYMcdIsxl2,54800,INR,upi,paid,INV-2026-000001
order_xWa43S5gciB66y,2026-08-19,cust_3UvRYAtcf0Sh,63300,INR,upi,paid,INV-2026-000118
order_xlXktOPlxUftVO,2026-08-19,cust_i9tsJUBqqLOS,4027250,INR,card,paid,INV-2026-000117
order_xq5oPo9ZFFDEj0,2026-08-26,cust_JIxo6VjWTNwu,212600,INR,netbanking,payment_failed,INV-2026-000164
order_xqdpq16gxQNbdp,2026-08-17,cust_2n0cjtBshExh,52900,INR,upi,paid,INV-2026-000092
order_xv3jcuHAgCoxSy,2026-08-11,cust_23Hv7gp4026I,152800,INR,upi,paid,INV-2026-000068
order_z2IJ3Oezo6COuL,2026-08-25,cust_gG0WaByUQqlp,53800,INR,upi,paid,INV-2026-000156
order_z8PRYFhS0WtYXP,2026-08-17,cust_fokq3gB2iiGu,6302200,INR,netbanking,payment_failed,INV-2026-000098
order_zAROArxGV2LVA1,2026-08-18,cust_GKv9QfktmSKb,56300,INR,upi,paid,INV-2026-000103
order_zCLQAjrYs78HFx,2026-08-18,cust_8YXWoOiIet4t,503300,INR,wallet,paid,INV-2026-000105
order_zJL4phMxFmTrEg,2026-08-24,cust_geuTGGUDOVCN,5056100,INR,card,paid,INV-2026-000154
order_zPM4dBlHMho9rj,2026-08-12,cust_It9KsMyyTCGJ,47700,INR,upi,paid,INV-2026-000070
order_zVS02LL5NWHJbW,2026-08-18,cust_HaOPeqorOlrD,828400,INR,card,paid,INV-2026-000109
order_zlD09CwBbCvm6M,2026-08-31,cust_Sfa2LvuTXTXg,25570,INR,upi,paid,INV-2026-000197
